PointsNo,FoundPoints,KD-treeBuildTime,QuadTreeBuildTime,KD-treeQueryTime,QuadTreeQueryTime
50,14,0.0005156993865966797,0.0003101825714111328,0.0002186298370361328,7.677078247070312e-05
100,26,0.00057220458984375,0.0005974769592285156,0.00033926963806152344,0.0001227855682373047
500,101,0.002897977828979492,0.003284454345703125,0.0007174015045166016,0.0004444122314453125
1000,155,0.006418704986572266,0.00675654411315918,0.0007421970367431641,0.0005490779876708984
100000,18912,1.2453677654266357,1.680535078048706,0.018182992935180664,0.0624234676361084
1000000,188010,17.131049156188965,18.478283882141113,0.14785099029541016,0.6439306735992432
