PointsNo,FoundPoints,KD-treeBuildTime,QuadTreeBuildTime,KD-treeQueryTime,QuadTreeQueryTime
50,4,0.19265389442443848,0.00018668174743652344,0.0029108524322509766,0.004779338836669922
100,9,0.0004019737243652344,0.00038695335388183594,0.00014138221740722656,2.6941299438476562e-05
500,36,0.0020275115966796875,0.004268169403076172,0.0003921985626220703,8.0108642578125e-05
1000,64,0.003999471664428711,0.0037446022033691406,0.00047326087951660156,0.00010895729064941406
100000,6400,0.5734145641326904,0.6526672840118408,0.008745431900024414,0.012622594833374023
1000000,63001,12.338634252548218,11.219375610351562,0.04197859764099121,0.10040545463562012
