PointsNo,FoundPoints,KD-treeBuildTime,QuadTreeBuildTime,KD-treeQueryTime,QuadTreeQueryTime
50,18,0.1897120475769043,0.0003237724304199219,0.0021314620971679688,0.003845691680908203
100,31,0.0005156993865966797,0.0005543231964111328,0.0003204345703125,0.000141143798828125
500,144,0.003133535385131836,0.003294706344604492,0.0007808208465576172,0.0007627010345458984
1000,295,0.006399631500244141,0.0066373348236083984,0.001214742660522461,0.0010323524475097656
100000,28460,1.0130267143249512,0.9920322895050049,0.025842666625976562,0.09036898612976074
1000000,283423,18.95183825492859,20.560370445251465,0.21949267387390137,0.967494010925293
