PointsNo,FoundPoints,KD-treeBuildTime,QuadTreeBuildTime,KD-treeQueryTime,QuadTreeQueryTime
50,9,0.19076991081237793,0.0004267692565917969,0.00391697883605957,0.008400678634643555
100,25,0.0006394386291503906,0.0011196136474609375,0.00015473365783691406,9.942054748535156e-05
500,120,0.004016399383544922,0.0066640377044677734,0.0006265640258789062,0.0005571842193603516
1000,252,0.008229494094848633,0.009953498840332031,0.00035762786865234375,0.0012428760528564453
100000,25059,1.258352279663086,1.3800077438354492,0.017934799194335938,0.11911654472351074
1000000,250451,24.47334313392639,30.53461790084839,0.23391413688659668,1.2675135135650635
