PointsNo,FoundPoints,KD-treeBuildTime,QuadTreeBuildTime,KD-treeQueryTime,QuadTreeQueryTime
50,14,0.18503212928771973,0.0004684925079345703,0.003957271575927734,0.007944107055664062
100,35,0.0005090236663818359,0.0011608600616455078,0.0002512931823730469,0.00017070770263671875
500,186,0.0028748512268066406,0.0058667659759521484,0.0007383823394775391,0.0009462833404541016
1000,374,0.006273746490478516,0.014374971389770508,0.0012788772583007812,0.0026504993438720703
100000,37350,1.041304349899292,1.691175937652588,0.03186154365539551,0.2047884464263916
1000000,375714,19.08059787750244,33.1998770236969,0.2756931781768799,2.1653642654418945
