PointsNo,FoundPoints,KD-treeBuildTime,QuadTreeBuildTime,KD-treeQueryTime,QuadTreeQueryTime
50,9,0.19547057151794434,0.00028824806213378906,0.002058744430541992,0.003988981246948242
100,31,0.0005140304565429688,0.0005729198455810547,0.0003197193145751953,0.00012683868408203125
500,130,0.0034570693969726562,0.0032460689544677734,0.0007226467132568359,0.0004775524139404297
1000,279,0.006387233734130859,0.008568048477172852,0.0011591911315917969,0.0010058879852294922
100000,28386,1.0916969776153564,4.393326759338379,0.025226354598999023,0.09292340278625488
1000000,284255,17.33368468284607,19.932925701141357,0.21868491172790527,0.9802522659301758
